chr.exposure,samplesize.exposure,se.exposure,pos.exposure,pval.exposure,beta.exposure,id.exposure,SNP,effect_allele.exposure,other_allele.exposure,eaf.exposure,exposure,mr_keep.exposure,pval_origin.exposure,data_source.exposure
1,NA,0.00407772,2330190,4.80E-09,0.0229488,met-d-Omega_3,rs6693447,G,T,0.461686,Omega-3 fatty acids || id:met-d-Omega_3,TRUE,reported,igd
1,NA,0.00425038,62931632,3.60E-66,0.0713574,met-d-Omega_3,rs1167998,A,C,0.644674,Omega-3 fatty acids || id:met-d-Omega_3,TRUE,reported,igd
1,NA,0.00488385,109818306,1.30E-14,0.0382887,met-d-Omega_3,rs629301,T,G,0.778033,Omega-3 fatty acids || id:met-d-Omega_3,TRUE,reported,igd
2,NA,0.0041534,27730940,8.40E-88,0.0820592,met-d-Omega_3,rs1260326,T,C,0.60401,Omega-3 fatty acids || id:met-d-Omega_3,TRUE,reported,igd
2,NA,0.004486,136820960,2.00E-08,0.0251255,met-d-Omega_3,rs11681659,C,T,0.716465,Omega-3 fatty acids || id:met-d-Omega_3,TRUE,reported,igd
2,NA,0.00408348,20363666,3.90E-08,0.0208868,met-d-Omega_3,rs35135293,C,T,0.51675,Omega-3 fatty acids || id:met-d-Omega_3,TRUE,reported,igd
2,NA,0.00408591,241214158,2.20E-08,0.0221268,met-d-Omega_3,rs13424225,T,G,0.449809,Omega-3 fatty acids || id:met-d-Omega_3,TRUE,reported,igd
2,NA,0.00486548,21203877,5.60E-15,0.0361462,met-d-Omega_3,rs10184054,C,G,0.224107,Omega-3 fatty acids || id:met-d-Omega_3,TRUE,reported,igd
2,NA,0.00647476,234679384,3.20E-08,0.0349727,met-d-Omega_3,rs11563251,T,C,0.110601,Omega-3 fatty acids || id:met-d-Omega_3,TRUE,reported,igd
4,NA,0.00491057,69491284,1.20E-21,0.0463493,met-d-Omega_3,rs4860987,T,A,0.258609,Omega-3 fatty acids || id:met-d-Omega_3,TRUE,reported,igd
5,NA,0.0040658,131677047,2.40E-09,0.0240622,met-d-Omega_3,rs11242109,T,G,0.479016,Omega-3 fatty acids || id:met-d-Omega_3,TRUE,reported,igd
5,NA,0.00421159,156397673,1.90E-13,0.0288844,met-d-Omega_3,rs6882345,A,G,0.632863,Omega-3 fatty acids || id:met-d-Omega_3,TRUE,reported,igd
6,NA,0.00550837,31311912,1.20E-15,0.0461429,met-d-Omega_3,rs2394976,G,T,0.161648,Omega-3 fatty acids || id:met-d-Omega_3,TRUE,reported,igd
6,NA,0.00753435,161010118,2.80E-17,0.0629576,met-d-Omega_3,rs10455872,A,G,0.078988,Omega-3 fatty acids || id:met-d-Omega_3,TRUE,reported,igd
6,NA,0.00603734,32379383,1.80E-09,0.0392017,met-d-Omega_3,rs3129962,G,A,0.129765,Omega-3 fatty acids || id:met-d-Omega_3,TRUE,reported,igd
6,NA,0.0150731,160922870,1.40E-15,0.115945,met-d-Omega_3,rs117733303,A,G,0.018513,Omega-3 fatty acids || id:met-d-Omega_3,TRUE,reported,igd
7,NA,0.00506371,73042085,1.20E-45,0.0721329,met-d-Omega_3,rs62466318,C,T,0.204178,Omega-3 fatty acids || id:met-d-Omega_3,TRUE,reported,igd
7,NA,0.006216,44785800,9.20E-10,-0.0349475,met-d-Omega_3,rs73109460,A,G,0.123622,Omega-3 fatty acids || id:met-d-Omega_3,TRUE,reported,igd
7,NA,0.00446039,25990597,1.00E-11,-0.0288196,met-d-Omega_3,rs4000713,A,G,0.295408,Omega-3 fatty acids || id:met-d-Omega_3,TRUE,reported,igd
8,NA,0.00422001,126506694,3.50E-98,-0.0873719,met-d-Omega_3,rs112875651,A,G,0.392346,Omega-3 fatty acids || id:met-d-Omega_3,TRUE,reported,igd
8,NA,0.00707191,9183358,3.20E-16,0.0566995,met-d-Omega_3,rs9987289,G,A,0.909151,Omega-3 fatty acids || id:met-d-Omega_3,TRUE,reported,igd
8,NA,0.00628878,19844415,1.80E-10,-0.0396447,met-d-Omega_3,rs7819706,G,A,0.118291,Omega-3 fatty acids || id:met-d-Omega_3,TRUE,reported,igd
9,NA,0.00619432,107665978,5.20E-09,-0.0373414,met-d-Omega_3,rs1800978,G,C,0.123991,Omega-3 fatty acids || id:met-d-Omega_3,TRUE,reported,igd
10,NA,0.00508075,96728169,4.60E-12,0.0341853,met-d-Omega_3,rs55891451,C,A,0.201728,Omega-3 fatty acids || id:met-d-Omega_3,TRUE,reported,igd
10,NA,0.00406452,65191645,5.50E-10,0.0233527,met-d-Omega_3,rs7924036,T,G,0.504205,Omega-3 fatty acids || id:met-d-Omega_3,TRUE,reported,igd
10,NA,0.00563873,5247302,8.50E-10,0.0350603,met-d-Omega_3,rs6601924,C,T,0.845765,Omega-3 fatty acids || id:met-d-Omega_3,TRUE,reported,igd
11,NA,0.00554146,75450576,1.10E-34,-0.0669996,met-d-Omega_3,rs673335,C,T,0.159762,Omega-3 fatty acids || id:met-d-Omega_3,TRUE,reported,igd
11,NA,0.00524839,61823630,1.10E-22,-0.050608,met-d-Omega_3,rs12226389,C,T,0.18582,Omega-3 fatty acids || id:met-d-Omega_3,TRUE,reported,igd
11,NA,0.00456603,61248776,2.00E-14,-0.0353357,met-d-Omega_3,rs3018731,G,A,0.717549,Omega-3 fatty acids || id:met-d-Omega_3,TRUE,reported,igd
11,NA,0.02049,116916060,4.20E-08,0.107134,met-d-Omega_3,rs144018203,C,G,0.010653,Omega-3 fatty acids || id:met-d-Omega_3,TRUE,reported,igd
11,NA,0.0204073,61453822,9.40E-14,-0.154138,met-d-Omega_3,rs143355652,T,C,0.010467,Omega-3 fatty acids || id:met-d-Omega_3,TRUE,reported,igd
11,NA,0.00424185,61588305,1.00E-200,-0.337094,met-d-Omega_3,rs174564,G,A,0.347013,Omega-3 fatty acids || id:met-d-Omega_3,TRUE,reported,igd
11,NA,0.00596503,116648917,8.90E-87,-0.116637,met-d-Omega_3,rs964184,C,G,0.867229,Omega-3 fatty acids || id:met-d-Omega_3,TRUE,reported,igd
11,NA,0.0148212,61701898,3.40E-12,-0.102959,met-d-Omega_3,rs11230829,G,A,0.027786,Omega-3 fatty acids || id:met-d-Omega_3,TRUE,reported,igd
12,NA,0.00419603,121423376,1.20E-10,-0.0253039,met-d-Omega_3,rs7970695,A,G,0.620549,Omega-3 fatty acids || id:met-d-Omega_3,TRUE,reported,igd
15,NA,0.00428189,58678720,3.90E-161,-0.114383,met-d-Omega_3,rs261290,C,T,0.654653,Omega-3 fatty acids || id:met-d-Omega_3,TRUE,reported,igd
15,NA,0.0128075,44027885,2.30E-21,0.117987,met-d-Omega_3,rs139974673,C,T,0.025918,Omega-3 fatty acids || id:met-d-Omega_3,TRUE,reported,igd
15,NA,0.00602277,58569330,4.40E-10,0.0356728,met-d-Omega_3,rs34663616,A,C,0.137654,Omega-3 fatty acids || id:met-d-Omega_3,TRUE,reported,igd
15,NA,0.00448287,58725839,9.10E-80,0.0840069,met-d-Omega_3,rs633695,G,A,0.292348,Omega-3 fatty acids || id:met-d-Omega_3,TRUE,reported,igd
16,NA,0.0046967,15501099,3.00E-08,0.0251849,met-d-Omega_3,rs1672811,C,T,0.748488,Omega-3 fatty acids || id:met-d-Omega_3,TRUE,reported,igd
16,NA,0.00446068,15127534,5.60E-75,-0.0810999,met-d-Omega_3,rs72789541,A,T,0.29597,Omega-3 fatty acids || id:met-d-Omega_3,TRUE,reported,igd
17,NA,0.0048772,44186063,3.90E-14,-0.0355285,met-d-Omega_3,rs16940904,T,C,0.226571,Omega-3 fatty acids || id:met-d-Omega_3,TRUE,reported,igd
18,NA,0.00527814,47158234,5.20E-24,0.0528854,met-d-Omega_3,rs9304381,T,C,0.818434,Omega-3 fatty acids || id:met-d-Omega_3,TRUE,reported,igd
18,NA,0.0177574,47109955,7.20E-22,0.161749,met-d-Omega_3,rs77960347,G,A,0.013239,Omega-3 fatty acids || id:met-d-Omega_3,TRUE,reported,igd
19,NA,0.0110354,11347657,3.50E-11,-0.0726631,met-d-Omega_3,rs737338,T,C,0.035186,Omega-3 fatty acids || id:met-d-Omega_3,TRUE,reported,igd
19,NA,0.0195777,19458388,1.10E-27,-0.209571,met-d-Omega_3,rs182611493,G,A,0.012519,Omega-3 fatty acids || id:met-d-Omega_3,TRUE,reported,igd
19,NA,0.00775231,19379549,1.40E-113,-0.171666,met-d-Omega_3,rs58542926,T,C,0.074383,Omega-3 fatty acids || id:met-d-Omega_3,TRUE,reported,igd
19,NA,0.00437178,45430280,9.10E-30,0.0476852,met-d-Omega_3,rs5112,G,C,0.533736,Omega-3 fatty acids || id:met-d-Omega_3,TRUE,reported,igd
19,NA,0.00410188,45448036,8.60E-11,0.0270834,met-d-Omega_3,rs1132899,C,T,0.509603,Omega-3 fatty acids || id:met-d-Omega_3,TRUE,reported,igd
19,NA,0.00536368,45424514,3.60E-09,0.0284296,met-d-Omega_3,rs157592,C,A,0.185267,Omega-3 fatty acids || id:met-d-Omega_3,TRUE,reported,igd
20,NA,0.00437946,39167592,5.10E-10,-0.0257607,met-d-Omega_3,rs6129624,A,G,0.335237,Omega-3 fatty acids || id:met-d-Omega_3,TRUE,reported,igd
21,NA,0.005847,40555561,2.20E-10,-0.0370966,met-d-Omega_3,rs117143374,C,T,0.142254,Omega-3 fatty acids || id:met-d-Omega_3,TRUE,reported,igd
1,NA,0.00404392,234850420,2.30E-15,-0.0306276,met-d-Omega_6,rs199900492,CA,C,0.484009,Omega-6 fatty acids || id:met-d-Omega_6,TRUE,reported,igd
1,NA,0.00607823,23784965,9.30E-11,0.0390397,met-d-Omega_6,rs534417,G,A,0.875005,Omega-6 fatty acids || id:met-d-Omega_6,TRUE,reported,igd
1,NA,0.00542087,55491853,7.10E-12,-0.0365309,met-d-Omega_6,rs200730299,C,A,0.194476,Omega-6 fatty acids || id:met-d-Omega_6,TRUE,reported,igd
1,NA,0.00440965,25622291,3.40E-09,-0.0250071,met-d-Omega_6,rs2986164,A,G,0.535856,Omega-6 fatty acids || id:met-d-Omega_6,TRUE,reported,igd
1,NA,0.00485222,109817590,1.50E-32,-0.0572469,met-d-Omega_6,rs12740374,T,G,0.221071,Omega-6 fatty acids || id:met-d-Omega_6,TRUE,reported,igd
1,NA,0.00421287,62963737,1.00E-107,0.090971,met-d-Omega_6,rs1002687,A,G,0.644748,Omega-6 fatty acids || id:met-d-Omega_6,TRUE,reported,igd
2,NA,0.00412206,27730940,3.90E-55,-0.0642561,met-d-Omega_6,rs1260326,C,T,0.60401,Omega-6 fatty acids || id:met-d-Omega_6,TRUE,reported,igd
2,NA,0.00403955,20369562,7.70E-16,-0.0318914,met-d-Omega_6,rs870526,T,C,0.521426,Omega-6 fatty acids || id:met-d-Omega_6,TRUE,reported,igd
2,NA,0.00431976,44072576,1.10E-16,-0.0353905,met-d-Omega_6,rs4299376,T,G,0.676279,Omega-6 fatty acids || id:met-d-Omega_6,TRUE,reported,igd
2,NA,0.00924809,21190209,2.40E-20,-0.0813514,met-d-Omega_6,rs6547409,T,C,0.051258,Omega-6 fatty acids || id:met-d-Omega_6,TRUE,reported,igd
2,NA,0.00580512,21319016,1.30E-41,0.0763943,met-d-Omega_6,rs672889,G,T,0.860091,Omega-6 fatty acids || id:met-d-Omega_6,TRUE,reported,igd
2,NA,0.00405156,169828995,7.10E-09,-0.0229674,met-d-Omega_6,rs3770586,T,C,0.48397,Omega-6 fatty acids || id:met-d-Omega_6,TRUE,reported,igd
4,NA,0.00417574,3443931,3.60E-18,-0.035165,met-d-Omega_6,rs13108218,G,A,0.615417,Omega-6 fatty acids || id:met-d-Omega_6,TRUE,reported,igd
4,NA,0.00470731,69340991,1.90E-09,0.027907,met-d-Omega_6,rs4860948,A,T,0.244353,Omega-6 fatty acids || id:met-d-Omega_6,TRUE,reported,igd
5,NA,0.00416788,74635225,6.10E-30,0.0467287,met-d-Omega_6,rs4704210,C,G,0.374212,Omega-6 fatty acids || id:met-d-Omega_6,TRUE,reported,igd
5,NA,0.00417905,156397673,1.20E-27,0.0448784,met-d-Omega_6,rs6882345,A,G,0.632863,Omega-6 fatty acids || id:met-d-Omega_6,TRUE,reported,igd
5,NA,0.00420247,74472939,1.20E-12,0.02951,met-d-Omega_6,rs7707394,A,G,0.357106,Omega-6 fatty acids || id:met-d-Omega_6,TRUE,reported,igd
6,NA,0.00411241,116322349,2.20E-08,0.0228258,met-d-Omega_6,rs6934962,T,C,0.400489,Omega-6 fatty acids || id:met-d-Omega_6,TRUE,reported,igd
6,NA,0.0082133,31078836,5.90E-11,0.0477116,met-d-Omega_6,rs3734854,A,G,0.064679,Omega-6 fatty acids || id:met-d-Omega_6,TRUE,reported,igd
6,NA,0.00484067,32531745,4.60E-10,0.0336386,met-d-Omega_6,rs35603463,C,T,0.566969,Omega-6 fatty acids || id:met-d-Omega_6,TRUE,reported,igd
6,NA,0.00446247,160400147,1.30E-08,0.0249212,met-d-Omega_6,rs7750288,G,A,0.285011,Omega-6 fatty acids || id:met-d-Omega_6,TRUE,reported,igd
6,NA,0.0159543,160751531,3.40E-36,-0.196375,met-d-Omega_6,rs9295128,T,G,0.016833,Omega-6 fatty acids || id:met-d-Omega_6,TRUE,reported,igd
6,NA,0.00693029,34729158,7.30E-12,-0.0457294,met-d-Omega_6,rs114863007,A,G,0.094543,Omega-6 fatty acids || id:met-d-Omega_6,TRUE,reported,igd
6,NA,0.00415994,32587213,1.70E-18,0.0388549,met-d-Omega_6,rs28383314,C,T,0.622939,Omega-6 fatty acids || id:met-d-Omega_6,TRUE,reported,igd
6,NA,0.00494853,160986915,1.90E-23,-0.0481657,met-d-Omega_6,rs6938647,C,A,0.782336,Omega-6 fatty acids || id:met-d-Omega_6,TRUE,reported,igd
7,NA,0.0050239,73037366,1.70E-22,-0.0494876,met-d-Omega_6,rs55747707,A,G,0.203615,Omega-6 fatty acids || id:met-d-Omega_6,TRUE,reported,igd
8,NA,0.00427754,59377357,4.00E-12,-0.0290285,met-d-Omega_6,rs6471717,A,G,0.663091,Omega-6 fatty acids || id:met-d-Omega_6,TRUE,reported,igd
8,NA,0.00418831,126506694,2.20E-53,-0.063694,met-d-Omega_6,rs112875651,A,G,0.392346,Omega-6 fatty acids || id:met-d-Omega_6,TRUE,reported,igd
8,NA,0.00450795,116658583,1.40E-09,-0.0274764,met-d-Omega_6,rs2737245,T,G,0.278598,Omega-6 fatty acids || id:met-d-Omega_6,TRUE,reported,igd
8,NA,0.00670616,9187242,2.80E-36,0.0835465,met-d-Omega_6,rs1461729,G,A,0.899221,Omega-6 fatty acids || id:met-d-Omega_6,TRUE,reported,igd
8,NA,0.00504852,141633257,4.60E-08,0.0278428,met-d-Omega_6,rs7831074,G,C,0.759127,Omega-6 fatty acids || id:met-d-Omega_6,TRUE,reported,igd
9,NA,0.00487542,15300968,8.40E-12,0.0329594,met-d-Omega_6,rs4008004,A,C,0.221842,Omega-6 fatty acids || id:met-d-Omega_6,TRUE,reported,igd
9,NA,0.00649064,107647019,9.70E-14,0.0478798,met-d-Omega_6,rs11789603,T,C,0.108831,Omega-6 fatty acids || id:met-d-Omega_6,TRUE,reported,igd
9,NA,0.00457926,107661742,5.40E-28,-0.0501345,met-d-Omega_6,rs2740488,C,A,0.265321,Omega-6 fatty acids || id:met-d-Omega_6,TRUE,reported,igd
9,NA,0.00521674,136149711,2.20E-17,0.0422787,met-d-Omega_6,rs115478735,T,A,0.183315,Omega-6 fatty acids || id:met-d-Omega_6,TRUE,reported,igd
10,NA,0.00559075,5257647,2.70E-08,-0.0314077,met-d-Omega_6,rs75406471,A,G,0.154684,Omega-6 fatty acids || id:met-d-Omega_6,TRUE,reported,igd
10,NA,0.00484601,45998984,4.00E-11,-0.0316205,met-d-Omega_6,rs148063610,C,CAAATAAAT,0.763414,Omega-6 fatty acids || id:met-d-Omega_6,TRUE,reported,igd
11,NA,0.0213113,116714293,1.40E-08,0.110551,met-d-Omega_6,rs141469619,G,A,0.01014,Omega-6 fatty acids || id:met-d-Omega_6,TRUE,reported,igd
11,NA,0.00594434,116648917,1.10E-125,-0.138896,met-d-Omega_6,rs964184,C,G,0.867229,Omega-6 fatty acids || id:met-d-Omega_6,TRUE,reported,igd
11,NA,0.00694288,75474195,1.60E-13,-0.051564,met-d-Omega_6,rs72997616,A,C,0.094064,Omega-6 fatty acids || id:met-d-Omega_6,TRUE,reported,igd
11,NA,0.00421464,47643891,9.80E-12,-0.0277621,met-d-Omega_6,rs3817335,A,T,0.350559,Omega-6 fatty acids || id:met-d-Omega_6,TRUE,reported,igd
11,NA,0.00866917,116817978,2.10E-09,0.0508862,met-d-Omega_6,rs200671503,T,TTA,0.941966,Omega-6 fatty acids || id:met-d-Omega_6,TRUE,reported,igd
12,NA,0.00404125,111904371,1.50E-12,0.0277794,met-d-Omega_6,rs4766578,A,T,0.503267,Omega-6 fatty acids || id:met-d-Omega_6,TRUE,reported,igd
12,NA,0.00411541,121415293,3.30E-13,-0.0297379,met-d-Omega_6,rs7139079,A,G,0.592501,Omega-6 fatty acids || id:met-d-Omega_6,TRUE,reported,igd
13,NA,0.00420044,114547372,1.30E-09,0.0257493,met-d-Omega_6,rs6602911,T,C,0.360079,Omega-6 fatty acids || id:met-d-Omega_6,TRUE,reported,igd
15,NA,0.00445048,58725839,1.30E-59,0.0725178,met-d-Omega_6,rs633695,G,A,0.292348,Omega-6 fatty acids || id:met-d-Omega_6,TRUE,reported,igd
15,NA,0.00425095,58678720,1.00E-116,-0.0965507,met-d-Omega_6,rs261290,C,T,0.654653,Omega-6 fatty acids || id:met-d-Omega_6,TRUE,reported,igd
16,NA,0.00431123,56991363,1.40E-48,0.0615133,met-d-Omega_6,rs183130,T,C,0.324072,Omega-6 fatty acids || id:met-d-Omega_6,TRUE,reported,igd
17,NA,0.00565892,67082962,1.40E-08,-0.0315718,met-d-Omega_6,rs740516,G,C,0.151132,Omega-6 fatty acids || id:met-d-Omega_6,TRUE,reported,igd
17,NA,0.00404559,45781599,1.30E-08,0.0224228,met-d-Omega_6,rs4439799,T,C,0.502274,Omega-6 fatty acids || id:met-d-Omega_6,TRUE,reported,igd
18,NA,0.0176159,47109955,2.80E-56,0.275526,met-d-Omega_6,rs77960347,G,A,0.013239,Omega-6 fatty acids || id:met-d-Omega_6,TRUE,reported,igd
18,NA,0.00523609,47158234,7.20E-42,0.0702336,met-d-Omega_6,rs9304381,T,C,0.818434,Omega-6 fatty acids || id:met-d-Omega_6,TRUE,reported,igd
19,NA,0.0109592,11346155,1.20E-19,-0.100371,met-d-Omega_6,rs56322906,A,G,0.035157,Omega-6 fatty acids || id:met-d-Omega_6,TRUE,reported,igd
19,NA,0.00631781,11190534,5.20E-52,-0.0944019,met-d-Omega_6,rs142158911,A,G,0.116705,Omega-6 fatty acids || id:met-d-Omega_6,TRUE,reported,igd
19,NA,0.0076883,19379549,2.50E-65,-0.128057,met-d-Omega_6,rs58542926,T,C,0.074383,Omega-6 fatty acids || id:met-d-Omega_6,TRUE,reported,igd
19,NA,0.0123322,45412955,1.80E-22,0.118778,met-d-Omega_6,rs1081105,C,A,0.027624,Omega-6 fatty acids || id:met-d-Omega_6,TRUE,reported,igd
19,NA,0.0179625,45445517,1.30E-17,0.15083,met-d-Omega_6,rs79429216,A,G,0.012713,Omega-6 fatty acids || id:met-d-Omega_6,TRUE,reported,igd
19,NA,0.00743767,45413233,3.60E-160,-0.198623,met-d-Omega_6,rs1065853,T,G,0.080578,Omega-6 fatty acids || id:met-d-Omega_6,TRUE,reported,igd
20,NA,0.0118528,39179822,3.20E-16,0.0922513,met-d-Omega_6,rs1883711,C,G,0.031191,Omega-6 fatty acids || id:met-d-Omega_6,TRUE,reported,igd
20,NA,0.00581966,34150207,3.20E-09,-0.0333321,met-d-Omega_6,rs2378390,A,G,0.140871,Omega-6 fatty acids || id:met-d-Omega_6,TRUE,reported,igd
20,NA,0.0117812,43042364,3.30E-10,-0.0744567,met-d-Omega_6,rs1800961,T,C,0.030192,Omega-6 fatty acids || id:met-d-Omega_6,TRUE,reported,igd
22,NA,0.00527441,21916272,9.90E-10,-0.0316,met-d-Omega_6,rs5754102,A,C,0.183245,Omega-6 fatty acids || id:met-d-Omega_6,TRUE,reported,igd
22,NA,0.00415851,50868669,1.40E-08,0.023821,met-d-Omega_6,rs9616847,T,A,0.388327,Omega-6 fatty acids || id:met-d-Omega_6,TRUE,reported,igd
